{"Train/Samples/lr": 2.58998272e-05, "_timestamp": 1711573196.229725, "Train/Samples/loss_scale": 2048, "Train/Samples/train_loss": 3.7920806407928467, "_runtime": 6580.04115986824, "_step": 63488, "throughput/iteration-time": 25.62992811203003, "throughput/samples_per_sec": 9.988322982452697, "throughput/samples_per_sec_per_replica": 9.988322982452697, "throughput/tokens_per_sec": 20456.085468063124, "throughput/tokens_per_sec_per_replica": 20456.085468063124, "throughput/tokens_per_gpu_per_sec": 20456.085468063124, "throughput/tokens_per_gpu_per_sec_per_replica": 20456.085468063124, "throughput/tflops": 15.202517595444727, "throughput/approx_params_in_billions": 0.088201728, "throughput/elapsed_ms_per_iteration": 25.62992811203003, "throughput/iteration": 240, "loss/lm loss": 3.828684091567993, "loss/iteration": 240, "iteration": 240, "iteration_time": 25.62992811203003, "iteration_time_vs_tokens": 2.0368836809817972e-07, "iteration_time_vs_samples": [0.0004171537778650721]}